3ninmj "San-nin Mahjong (Japan, OMV)"
3ninmjt "San-nin Mahjong (Taiwan)"
aerial "Aerial (HB)"
antiair "AntiAir (HB)"
arnodash "Arno Dash (HB)"
arnodash2 "Arno Dash 2 (HB, v1.03)"
bankp "Bank Panic (Japan)"
bilidada "Bi Li Da Dao (Taiwan)"
blckonyx "Black Onyx, The (Japan)"
blckonyxe "Black Onyx, The (Hack, T-Eng)"
blckonyxee "Black Onyx Enhanced, The (Hack, T-Eng)"
bloktris "Bloktris (HB)"
bombjack "Bomb Jack (Japan)"
bombjackk1 "Bomb Jack (Korea)"
bombjackk2 "Bomb Jack (Korea, Alt)"
bombjackt1 "Bomb Jack (Taiwan)"
bombjackt2 "Chaoren (Taiwan)"
bombmnsp "Bomber Man Special (Taiwan)"
bordrlin "Borderline (Euro, Japan)"
cabkids "Cabbage Patch Kids (Taiwan)"
cacorm "Cacorm (HB)"
camknights "Camelot Knights (HB)"
castle "Castle, The (Japan)"
castlet "Mowang migong ~ Castle, The (Taiwan)"
chackn "Chack'n Pop (Japan)"
chackne "Chack'n Pop (Hack, English)"
chaldrby "Challenge Derby (Japan, OMV)"
chaldrbya "Challenge Derby (Japan, OMV, Alt)"
chaldrbyb "Challenge Derby (Japan, OMV, Hacked)"
champbas "Champion Baseball (Japan)"
champbasa "Champion Baseball (Japan, Older)"
champbast "Champion Baseball (Taiwan)"
champbil "Champion Billiards (Japan)"
champbox "Champion Boxing (Japan)"
champbox1 "Champion Boxing (Japan, MyCard)"
champboxt "Champion Boxing (Taiwan)"
champglf "Champion Golf (Japan)"
champglf1 "Champion Golf (Japan, MyCard)"
champglfk "Champion Golf (Korea)"
champice "Champion Ice Hockey (Japan)"
champicek "Champion Ice Hockey (Korea)"
champicet "Qugunqiu (Taiwan)"
champken "Champion Kendou (Japan)"
champkent "Jiandao (Taiwan)"
champpwr "Champion Pro Wrestling (Japan)"
champscr "Champion Soccer (Japan)"
champscrt "Champion Soccer (Taiwan)"
champtns "Champion Tennis (Japan)"
cheman "Che-Man (HB)"
cherilp "Cheril Perils Classic (HB)"
choplift "Choplifter (Japan)"
chopliftk "Choplifter (Korea)"
chopliftp "Choplifter (Japan, Prototype)"
chopliftt "Choplifter (Taiwan, no logo)"
circusc "Circus Charlie ~ Maxi Tuan (Taiwan)"
circusck "Circus Charlie (Korea)"
cloderun "Championship Lode Runner (Japan)"
cloderunt "Xun Bao Er Dai (Taiwan)"
congo "Congo Bongo (Euro, Japan, v1)"
congoa "Congo Bongo (Euro, Japan, v1 Alt)"
congob "Congo Bongo (Japan, v0)"
congot "Congo Bongo (Taiwan)"
cracky "Cracky (HB)"
crossbomber "Cross Bomber (HB)"
crosstrex "Cross TREX (HB)"
cso "C_So! (Japan)"
csot "Wanpi Gui (Taiwan)"
dacike "Yie Ar Kung-Fu II, Da Cike (Taiwan)"
dayu "Da Yu ~ Chack'n Pop"
dokidoki "Dokidoki Penguin Land (Japan)"
dragwang "Dragon Wang (Japan, v1)"
dragwang1 "Dragon Wang (Japan, v0)"
drol "Drol (Japan)"
drolk "Drol (Korea)"
drolt "Drol (Taiwan)"
elevator "Elevator Action (Japan)"
elevatort "Die Dui Die (Taiwan)"
exerion "Exerion (Euro, Japan)"
exerionk "Exerion (Korea)"
exeriont "Exerion (Taiwan)"
faguiqib "Fa Gui Qibing (Taiwan)"
faguiqiba "Fa Gui Qibing (Taiwan, Alt)"
feilang "Fei Lang ~ Choplifter (Taiwan)"
feilanga "Fei Lang ~ Choplifter (Taiwan, Alt)"
flicky "Flicky (Japan, v1)"
flickya "Flicky (Japan, v0)"
flickyt "Flicky (Taiwan)"
foryster "Foryster (HB, v00.9)"
galaga "Galaga (Taiwan)"
girlgard "Girl's Garden (Japan)"
girlgardt "Girl's Garden (Taiwan)"
golgo13 "Golgo 13 (Japan)"
gpworld "GP World (Japan, v1)"
gpworlda "GP World (Japan, v0)"
gpworldt "GP World (Taiwan)"
gulkave "Gulkave (Japan)"
gulkavek "Gulkave (Korea)"
guntus "Guntus (HB)"
guzzler "Guzzler (Japan, OMV)"
guzzlert "Guzzler (Taiwan)"
hangon2 "Hang-On II (Japan)"
hangon2t1 "Hang-On II (Taiwan)"
hangon2t2 "Motuo Feiche (Taiwan)"
heibaiqi "Hei Bai Qi (Taiwan)"
hero "H.E.R.O. (Japan)"
herot "Qing Feng Xia (Taiwan)"
homemj "Home Mahjong (Japan, v1)"
homemj1 "Home Mahjong (Japan, v0)"
homemjt "Yon-nin Mahjong (Taiwan)"
hopman "Hopman (HB)"
huohuli "Huo Hu Li ~ Zoom 909 (Taiwan)"
huojiche "Huojian Che (Taiwan)"
hustle "Hustle Chumy (Japan)"
hypersp2 "Hyper Sports 2 (Taiwan)"
hyperspt "Hyper Sports (Japan)"
hypersptk "Hyper Sports (Korea)"
hypersptt "Hyper Sports (Taiwan)"
iq "I.Q. (Korea)"
jb007 "007 James Bond (Japan, v2.7, OMV)"
jb007a "007 James Bond (Japan, v2.6, OMV)"
jb007t "007 James Bond (Taiwan)"
jetpaco "Jet Paco and Jet Puri (HB)"
jingwumn "Jing Wu Men (Taiwan)"
jingwumna "Jing Wu Men (Taiwan, Alt)"
jinzita "King's Valley, Jinzita (Taiwan)"
ksolitaire "Klondike Solitaire (HB, v1.04)"
ldrun "Lode Runner (Euro, Japan)"
ldrunk "Lode Runner (Korea)"
ldrunt "Lode Runner (Taiwan)"
m2cp "SG-1000 M2 Check Program"
magtree "Magical Tree (Taiwan)"
mahjong "Mahjong (Japan)"
mahjonga "Mahjong (Japan, Alt)"
mahjongt "Mahjong (Taiwan)"
matchpg "Okamoto Ayako no Match Play Golf (Japan, OMV)"
matchpga "Okamoto Ayako no Match Play Golf (Japan, OMV, Alt)"
matchpgt "Okamoto Ayako no Match Play Golf (Taiwan)"
mazy "Mazy (HB)"
mazy2 "Mazy 2 (HB)"
mieyen "Mieyen (HB)"
mkidwiz "Magical Kid Wiz (Taiwan)"
monacogp "Monaco GP (Japan, v2)"
monacogpa "Monaco GP (Japan, v1)"
monacogpb "Monaco GP (Japan, v0)"
monacogpt "Monaco GP (Taiwan)"
motianda "Mo Tian Da Lou (Taiwan)"
moyuchua "Knightmare, Moyu Chuanqi (Taiwan)"
msolitaire "Mahjong Solitaire (HB, v1.07)"
ninjapri "Ninja Princess (Japan)"
ninjaprie "Ninja Princess (Hack, T-Eng)"
ninjaprit "Renzhe Gongzhu (Taiwan)"
nsub "N-Sub (Euro?)"
nsuba "N-Sub (Japan)"
nsubb "N-Sub (Japan, Alt)"
nsubt "N-Sub (Taiwan)"
orguss "Orguss (Euro, Japan)"
othello "Othello (Japan)"
pacar "Pacar (Euro, Japan)"
pacara "Pacar (Japan, Alt)"
pacart "Pacar (Taiwan)"
pachink2 "Pachinko II (Japan)"
pachink2t "Pachinko II (Taiwan)"
pachinko "Pachinko (Japan)"
palikat "Palikat (HB)"
pegged "Pegged (HB, v1.02)"
pingpong "Ping Pong (Taiwan)"
pitfall2 "Pitfall II - The Lost Caverns (Japan, v1)"
pitfall2a "Pitfall II - The Lost Caverns (Japan, v0)"
pitman "Pitman (HB, v1.03)"
popflame "Pop Flamer (Euro, Japan)"
popflamet "Pop Flamer (Taiwan)"
qbert "Q*bert (Japan, OMV)"
qie "Qi E (Taiwan)"
rallyx "Rally-X (Taiwan)"
roadfght "Road Fighter (Taiwan)"
rocknbol "Rock n' Bolt (Japan)"
safarihu "Safari Hunting (Japan)"
safarihut "Safari Hunting (Taiwan)"
safarirc "Safari Race (Euro)"
safarircj "Safari Race (Japan)"
safarirct "Safari Race (Taiwan)"
segaflip "Sega Flipper (Euro, Japan)"
segaflipa "Sega Flipper (Japan, Alt)"
segaflipt "Flipper (Taiwan)"
segagala "Sega-Galaga (Japan)"
segagala1 "Sega-Galaga (Japan, Alt)"
serizawa "Serizawa Hachidan no Tsumeshogi (Japan)"
sgthelmet "Sgt. Helmet - Training Day (HB)"
shinnyus "Shinnyushain Tooru Kun (Japan)"
shinnyust "Shinnyushain Tooru Kun (Taiwan)"
sindbadm "Sindbad Mystery (Euro, Japan)"
sindbadmt "Sindbad Mystery (Taiwan)"
snake "Snake (HB, v1.04)"
sokoban "Soukoban (Japan)"
sokobank "Soukoban (Korea)"
sokobant "Soukoban (Taiwan)"
spacearm "Space Armor (Japan, v20, OMV)"
spacearma "Space Armor (Japan, v20, OMV, Alt)"
spacearmb "Space Armor (Japan, v10, OMV)"
spaceinv "Space Invaders (Japan)"
spaceinvt "Space Invaders (Taiwan)"
spacemnt "Space Mountain (Japan, OMV)"
spacerocks "Space Rocks (HB)"
spacesla "Space Slalom (Japan)"
starfrce "Star Force (Japan)"
starfrcet "Star Force (Taiwan)"
starfrceta "Star Force (Taiwan, Alt)"
starjack "Star Jacker (Euro, Japan, v1.2)"
starjack1 "Star Jacker (Euro, Japan, v1.1)"
starjack2 "Star Jacker (Japan, v1.0)"
starjackt "Star Jacker (Taiwan)"
supertnk "Super Tank (Japan)"
supertnkk "Super Tank (Korea)"
supertnkt "Chaoji Tanke (Taiwan)"
superuwol "Super UWOL! (HB)"
sxpao "Twinbee (Taiwan)"
ultdungesc "Ultimate Dungeon Escape (HB)"
vexed "Vexed (HB, v1.08)"
wboy "Wonder Boy (Japan, v1)"
wboya "Wonder Boy (Japan, v0)"
wboyt "Taotailang (Taiwan)"
wsbyrons "Whack 'Em Smack 'Em Byrons (HB)"
yamato "Yamato (Euro, Japan)"
yamatoa "Yamato (Euro, Japan, Alt)"
yamatot "Yamato (Taiwan)"
yawi "Yawi (HB, v0.9.3)"
yewdow "Yewdow (HB)"
yiear "Yie Ar Kung-Fu (Taiwan)"
zaxxon "Zaxxon (Japan)"
zaxxont "Zaxxon (Taiwan)"
zippyrac "Zippy Race (Japan)"
zippyract "Zippy Race (Taiwan)"
zoom909 "Zoom 909 (Japan)"